"","Model","P-Val","Sig"
"1","WJ3NoImputeInt-10_70",0.519530587481375,NA
"2","WJ3NoImputeInt-20_65",0.654588030354464,NA
"3","WJ3NoImputeInt-20_70",0.77070197398889,NA
"4","WJ3NoImputeInt-15_65",0.512526421221697,NA
"5","WJ3NoImputeNoInt-20_70",0.664301487369721,NA
"6","WJ3NoImputeNoInt-15_70",0.59479837126011,NA
"7","WJ3NoImputeNoInt-20_65",0.762372710329173,NA
"8","WJ3NoImputeNoInt-15_65",0.718758711110371,NA
"9","WJ3NoImputeNoInt-10_70",0.228951530936384,NA
